{
    "loss": 9.782929420471191,
    "accuracy": 0.4313725531101227
}