{
    "loss": 25.11155128479004,
    "accuracy": 0.4313725531101227
}